centre_id,centre_name,query_primary,query_secondary,query_tertiary,lat,lng,status
aberdeen_north,Aberdeen North,Aberdeen North driving test centre UK,DVSA Aberdeen North driving test centre,Aberdeen North test centre,,,pending
aberfeldy,Aberfeldy,Aberfeldy driving test centre UK,DVSA Aberfeldy driving test centre,Aberfeldy test centre,,,pending
abergavenny,Abergavenny,Abergavenny driving test centre UK,DVSA Abergavenny driving test centre,Abergavenny test centre,,,pending
aberystwyth_park_avenue,Aberystwyth Park Avenue,Aberystwyth Park Avenue driving test centre UK,DVSA Aberystwyth Park Avenue driving test centre,Aberystwyth Park Avenue test centre,,,pending
airdrie,Airdrie,Airdrie driving test centre UK,DVSA Airdrie driving test centre,Airdrie test centre,,,pending
alness,Alness,Alness driving test centre UK,DVSA Alness driving test centre,Alness test centre,,,pending
alnwick,Alnwick,Alnwick driving test centre UK,DVSA Alnwick driving test centre,Alnwick test centre,,,pending
arbroath,Arbroath,Arbroath driving test centre UK,DVSA Arbroath driving test centre,Arbroath test centre,,,pending
ashfield,Ashfield,Ashfield driving test centre UK,DVSA Ashfield driving test centre,Ashfield test centre,,,pending
ashford_kent,Ashford Kent,Ashford Kent driving test centre UK,DVSA Ashford Kent driving test centre,Ashford Kent test centre,,,pending
ashford_london_middlesex,Ashford London Middlesex,Ashford London Middlesex driving test centre UK,DVSA Ashford London Middlesex driving test centre,Ashford London Middlesex test centre,,,pending
aylesbury,Aylesbury,Aylesbury driving test centre UK,DVSA Aylesbury driving test centre,Aylesbury test centre,,,pending
ayr,Ayr,Ayr driving test centre UK,DVSA Ayr driving test centre,Ayr test centre,,,pending
bala,Bala,Bala driving test centre UK,DVSA Bala driving test centre,Bala test centre,,,pending
ballater,Ballater,Ballater driving test centre UK,DVSA Ballater driving test centre,Ballater test centre,,,pending
banbury,Banbury,Banbury driving test centre UK,DVSA Banbury driving test centre,Banbury test centre,,,pending
banff,Banff,Banff driving test centre UK,DVSA Banff driving test centre,Banff test centre,,,pending
bangor,Bangor,Bangor driving test centre UK,DVSA Bangor driving test centre,Bangor test centre,,,pending
barking_tanner_street,Barking Tanner Street,Barking Tanner Street driving test centre UK,DVSA Barking Tanner Street driving test centre,Barking Tanner Street test centre,,,pending
barnet_london,Barnet London,Barnet London driving test centre UK,DVSA Barnet London driving test centre,Barnet London test centre,,,pending
barnsley,Barnsley,Barnsley driving test centre UK,DVSA Barnsley driving test centre,Barnsley test centre,,,pending
barnstaple,Barnstaple,Barnstaple driving test centre UK,DVSA Barnstaple driving test centre,Barnstaple test centre,,,pending
barra,Barra,Barra driving test centre UK,DVSA Barra driving test centre,Barra test centre,,,pending
barrow_in_furness,Barrow In Furness,Barrow In Furness driving test centre UK,DVSA Barrow In Furness driving test centre,Barrow In Furness test centre,,,pending
barry,Barry,Barry driving test centre UK,DVSA Barry driving test centre,Barry test centre,,,pending
basingstoke,Basingstoke,Basingstoke driving test centre UK,DVSA Basingstoke driving test centre,Basingstoke test centre,,,pending
bedford,Bedford,Bedford driving test centre UK,DVSA Bedford driving test centre,Bedford test centre,,,pending
belvedere_london,Belvedere London,Belvedere London driving test centre UK,DVSA Belvedere London driving test centre,Belvedere London test centre,,,pending
berwick_on_tweed,Berwick-On-Tweed,Berwick-On-Tweed driving test centre UK,DVSA Berwick-On-Tweed driving test centre,Berwick-On-Tweed test centre,,,pending
birmingham_garretts_green,Birmingham Garretts Green,Birmingham Garretts Green driving test centre UK,DVSA Birmingham Garretts Green driving test centre,Birmingham Garretts Green test centre,,,pending
birmingham_kings_heath,Birmingham Kings Heath,Birmingham Kings Heath driving test centre UK,DVSA Birmingham Kings Heath driving test centre,Birmingham Kings Heath test centre,,,pending
birmingham_kingstanding,Birmingham Kingstanding,Birmingham Kingstanding driving test centre UK,DVSA Birmingham Kingstanding driving test centre,Birmingham Kingstanding test centre,,,pending
birmingham_shirley,Birmingham Shirley,Birmingham Shirley driving test centre UK,DVSA Birmingham Shirley driving test centre,Birmingham Shirley test centre,,,pending
birmingham_south_yardley,Birmingham South Yardley,Birmingham South Yardley driving test centre UK,DVSA Birmingham South Yardley driving test centre,Birmingham South Yardley test centre,,,pending
birmingham_sutton_coldfield,Birmingham Sutton Coldfield,Birmingham Sutton Coldfield driving test centre UK,DVSA Birmingham Sutton Coldfield driving test centre,Birmingham Sutton Coldfield test centre,,,pending
bishops_stortford,Bishops Stortford,Bishops Stortford driving test centre UK,DVSA Bishops Stortford driving test centre,Bishops Stortford test centre,,,pending
blackburn_with_darwen,Blackburn with Darwen,Blackburn with Darwen driving test centre UK,DVSA Blackburn with Darwen driving test centre,Blackburn with Darwen test centre,,,pending
blackpool,Blackpool,Blackpool driving test centre UK,DVSA Blackpool driving test centre,Blackpool test centre,,,pending
bletchley,Bletchley,Bletchley driving test centre UK,DVSA Bletchley driving test centre,Bletchley test centre,,,pending
blyth,Blyth,Blyth driving test centre UK,DVSA Blyth driving test centre,Blyth test centre,,,pending
bodmin,Bodmin,Bodmin driving test centre UK,DVSA Bodmin driving test centre,Bodmin test centre,,,pending
bolton_manchester,Bolton Manchester,Bolton Manchester driving test centre UK,DVSA Bolton Manchester driving test centre,Bolton Manchester test centre,,,pending
borehamwood_london,Borehamwood London,Borehamwood London driving test centre UK,DVSA Borehamwood London driving test centre,Borehamwood London test centre,,,pending
boston,Boston,Boston driving test centre UK,DVSA Boston driving test centre,Boston test centre,,,pending
bradford_heaton,Bradford Heaton,Bradford Heaton driving test centre UK,DVSA Bradford Heaton driving test centre,Bradford Heaton test centre,,,pending
bradford_thornbury,Bradford Thornbury,Bradford Thornbury driving test centre UK,DVSA Bradford Thornbury driving test centre,Bradford Thornbury test centre,,,pending
brecon,Brecon,Brecon driving test centre UK,DVSA Brecon driving test centre,Brecon test centre,,,pending
bredbury_manchester,Bredbury Manchester,Bredbury Manchester driving test centre UK,DVSA Bredbury Manchester driving test centre,Bredbury Manchester test centre,,,pending
brentwood_london,Brentwood London,Brentwood London driving test centre UK,DVSA Brentwood London driving test centre,Brentwood London test centre,,,pending
bridgend,Bridgend,Bridgend driving test centre UK,DVSA Bridgend driving test centre,Bridgend test centre,,,pending
bridlington,Bridlington,Bridlington driving test centre UK,DVSA Bridlington driving test centre,Bridlington test centre,,,pending
bristol_brislington,Bristol Brislington,Bristol Brislington driving test centre UK,DVSA Bristol Brislington driving test centre,Bristol Brislington test centre,,,pending
brodick_isle_of_arran,Brodick Isle of Arran,Brodick Isle of Arran driving test centre UK,DVSA Brodick Isle of Arran driving test centre,Brodick Isle of Arran test centre,,,pending
buckie,Buckie,Buckie driving test centre UK,DVSA Buckie driving test centre,Buckie test centre,,,pending
burgess_hill,Burgess Hill,Burgess Hill driving test centre UK,DVSA Burgess Hill driving test centre,Burgess Hill test centre,,,pending
burton_on_trent,Burton on Trent,Burton on Trent driving test centre UK,DVSA Burton on Trent driving test centre,Burton on Trent test centre,,,pending
bury_manchester,Bury Manchester,Bury Manchester driving test centre UK,DVSA Bury Manchester driving test centre,Bury Manchester test centre,,,pending
bury_st_edmunds,Bury St Edmunds,Bury St Edmunds driving test centre UK,DVSA Bury St Edmunds driving test centre,Bury St Edmunds test centre,,,pending
buxton,Buxton,Buxton driving test centre UK,DVSA Buxton driving test centre,Buxton test centre,,,pending
camborne,Camborne,Camborne driving test centre UK,DVSA Camborne driving test centre,Camborne test centre,,,pending
campbeltown,Campbeltown,Campbeltown driving test centre UK,DVSA Campbeltown driving test centre,Campbeltown test centre,,,pending
canterbury,Canterbury,Canterbury driving test centre UK,DVSA Canterbury driving test centre,Canterbury test centre,,,pending
cardiff_llanishen,Cardiff Llanishen,Cardiff Llanishen driving test centre UK,DVSA Cardiff Llanishen driving test centre,Cardiff Llanishen test centre,,,pending
cardigan,Cardigan,Cardigan driving test centre UK,DVSA Cardigan driving test centre,Cardigan test centre,,,pending
carlisle,Carlisle,Carlisle driving test centre UK,DVSA Carlisle driving test centre,Carlisle test centre,,,pending
carmarthen,Carmarthen,Carmarthen driving test centre UK,DVSA Carmarthen driving test centre,Carmarthen test centre,,,pending
castle_douglas,Castle Douglas,Castle Douglas driving test centre UK,DVSA Castle Douglas driving test centre,Castle Douglas test centre,,,pending
cheetham_hill_manchester,Cheetham Hill Manchester,Cheetham Hill Manchester driving test centre UK,DVSA Cheetham Hill Manchester driving test centre,Cheetham Hill Manchester test centre,,,pending
chelmsford,Chelmsford,Chelmsford driving test centre UK,DVSA Chelmsford driving test centre,Chelmsford test centre,,,pending
cheltenham,Cheltenham,Cheltenham driving test centre UK,DVSA Cheltenham driving test centre,Cheltenham test centre,,,pending
chertsey_london,Chertsey London,Chertsey London driving test centre UK,DVSA Chertsey London driving test centre,Chertsey London test centre,,,pending
chester,Chester,Chester driving test centre UK,DVSA Chester driving test centre,Chester test centre,,,pending
chesterfield,Chesterfield,Chesterfield driving test centre UK,DVSA Chesterfield driving test centre,Chesterfield test centre,,,pending
chichester,Chichester,Chichester driving test centre UK,DVSA Chichester driving test centre,Chichester test centre,,,pending
chingford_london,Chingford London,Chingford London driving test centre UK,DVSA Chingford London driving test centre,Chingford London test centre,,,pending
chippenham,Chippenham,Chippenham driving test centre UK,DVSA Chippenham driving test centre,Chippenham test centre,,,pending
chorley,Chorley,Chorley driving test centre UK,DVSA Chorley driving test centre,Chorley test centre,,,pending
coventry,Coventry,Coventry driving test centre UK,DVSA Coventry driving test centre,Coventry test centre,,,pending
crawley,Crawley,Crawley driving test centre UK,DVSA Crawley driving test centre,Crawley test centre,,,pending
crewe,Crewe,Crewe driving test centre UK,DVSA Crewe driving test centre,Crewe test centre,,,pending
crieff,Crieff,Crieff driving test centre UK,DVSA Crieff driving test centre,Crieff test centre,,,pending
croydon_london,Croydon London,Croydon London driving test centre UK,DVSA Croydon London driving test centre,Croydon London test centre,,,pending
cumnock,Cumnock,Cumnock driving test centre UK,DVSA Cumnock driving test centre,Cumnock test centre,,,pending
darlington,Darlington,Darlington driving test centre UK,DVSA Darlington driving test centre,Darlington test centre,,,pending
derby_alvaston,Derby Alvaston,Derby Alvaston driving test centre UK,DVSA Derby Alvaston driving test centre,Derby Alvaston test centre,,,pending
doncaster,Doncaster,Doncaster driving test centre UK,DVSA Doncaster driving test centre,Doncaster test centre,,,pending
dorchester,Dorchester,Dorchester driving test centre UK,DVSA Dorchester driving test centre,Dorchester test centre,,,pending
dumbarton,Dumbarton,Dumbarton driving test centre UK,DVSA Dumbarton driving test centre,Dumbarton test centre,,,pending
dumfries,Dumfries,Dumfries driving test centre UK,DVSA Dumfries driving test centre,Dumfries test centre,,,pending
dundee,Dundee,Dundee driving test centre UK,DVSA Dundee driving test centre,Dundee test centre,,,pending
dunfermline_vine,Dunfermline Vine,Dunfermline Vine driving test centre UK,DVSA Dunfermline Vine driving test centre,Dunfermline Vine test centre,,,pending
dunoon,Dunoon,Dunoon driving test centre UK,DVSA Dunoon driving test centre,Dunoon test centre,,,pending
duns,Duns,Duns driving test centre UK,DVSA Duns driving test centre,Duns test centre,,,pending
durham,Durham,Durham driving test centre UK,DVSA Durham driving test centre,Durham test centre,,,pending
eastbourne,Eastbourne,Eastbourne driving test centre UK,DVSA Eastbourne driving test centre,Eastbourne test centre,,,pending
edinburgh_currie,Edinburgh Currie,Edinburgh Currie driving test centre UK,DVSA Edinburgh Currie driving test centre,Edinburgh Currie test centre,,,pending
elgin,Elgin,Elgin driving test centre UK,DVSA Elgin driving test centre,Elgin test centre,,,pending
elswick,Elswick,Elswick driving test centre UK,DVSA Elswick driving test centre,Elswick test centre,,,pending
enfield_innova_business_park,Enfield Innova Business Park,Enfield Innova Business Park driving test centre UK,DVSA Enfield Innova Business Park driving test centre,Enfield Innova Business Park test centre,,,pending
exeter,Exeter,Exeter driving test centre UK,DVSA Exeter driving test centre,Exeter test centre,,,pending
farnborough,Farnborough,Farnborough driving test centre UK,DVSA Farnborough driving test centre,Farnborough test centre,,,pending
folkestone,Folkestone,Folkestone driving test centre UK,DVSA Folkestone driving test centre,Folkestone test centre,,,pending
forfar,Forfar,Forfar driving test centre UK,DVSA Forfar driving test centre,Forfar test centre,,,pending
fort_william,Fort William,Fort William driving test centre UK,DVSA Fort William driving test centre,Fort William test centre,,,pending
fraserburgh,Fraserburgh,Fraserburgh driving test centre UK,DVSA Fraserburgh driving test centre,Fraserburgh test centre,,,pending
gairloch,Gairloch,Gairloch driving test centre UK,DVSA Gairloch driving test centre,Gairloch test centre,,,pending
galashiels,Galashiels,Galashiels driving test centre UK,DVSA Galashiels driving test centre,Galashiels test centre,,,pending
gateshead,Gateshead,Gateshead driving test centre UK,DVSA Gateshead driving test centre,Gateshead test centre,,,pending
gillingham,Gillingham,Gillingham driving test centre UK,DVSA Gillingham driving test centre,Gillingham test centre,,,pending
glasgow_shieldhall,Glasgow Shieldhall,Glasgow Shieldhall driving test centre UK,DVSA Glasgow Shieldhall driving test centre,Glasgow Shieldhall test centre,,,pending
gloucester,Gloucester,Gloucester driving test centre UK,DVSA Gloucester driving test centre,Gloucester test centre,,,pending
goodmayes_london,Goodmayes London,Goodmayes London driving test centre UK,DVSA Goodmayes London driving test centre,Goodmayes London test centre,,,pending
grantham_somerby,Grantham Somerby,Grantham Somerby driving test centre UK,DVSA Grantham Somerby driving test centre,Grantham Somerby test centre,,,pending
grantown_on_spey,Grantown-On-Spey,Grantown-On-Spey driving test centre UK,DVSA Grantown-On-Spey driving test centre,Grantown-On-Spey test centre,,,pending
greenford_horsenden_lane,Greenford Horsenden Lane,Greenford Horsenden Lane driving test centre UK,DVSA Greenford Horsenden Lane driving test centre,Greenford Horsenden Lane test centre,,,pending
greenock,Greenock,Greenock driving test centre UK,DVSA Greenock driving test centre,Greenock test centre,,,pending
grimsby_coldwater,Grimsby Coldwater,Grimsby Coldwater driving test centre UK,DVSA Grimsby Coldwater driving test centre,Grimsby Coldwater test centre,,,pending
guildford,Guildford,Guildford driving test centre UK,DVSA Guildford driving test centre,Guildford test centre,,,pending
haddington,Haddington,Haddington driving test centre UK,DVSA Haddington driving test centre,Haddington test centre,,,pending
halifax,Halifax,Halifax driving test centre UK,DVSA Halifax driving test centre,Halifax test centre,,,pending
hamilton,Hamilton,Hamilton driving test centre UK,DVSA Hamilton driving test centre,Hamilton test centre,,,pending
hartlepool,Hartlepool,Hartlepool driving test centre UK,DVSA Hartlepool driving test centre,Hartlepool test centre,,,pending
hastings_ore,Hastings Ore,Hastings Ore driving test centre UK,DVSA Hastings Ore driving test centre,Hastings Ore test centre,,,pending
hawick,Hawick,Hawick driving test centre UK,DVSA Hawick driving test centre,Hawick test centre,,,pending
heckmondwike,Heckmondwike,Heckmondwike driving test centre UK,DVSA Heckmondwike driving test centre,Heckmondwike test centre,,,pending
hendon_london,Hendon London,Hendon London driving test centre UK,DVSA Hendon London driving test centre,Hendon London test centre,,,pending
hereford,Hereford,Hereford driving test centre UK,DVSA Hereford driving test centre,Hereford test centre,,,pending
herne_bay,Herne Bay,Herne Bay driving test centre UK,DVSA Herne Bay driving test centre,Herne Bay test centre,,,pending
hexham,Hexham,Hexham driving test centre UK,DVSA Hexham driving test centre,Hexham test centre,,,pending
heysham,Heysham,Heysham driving test centre UK,DVSA Heysham driving test centre,Heysham test centre,,,pending
high_wycombe,High Wycombe,High Wycombe driving test centre UK,DVSA High Wycombe driving test centre,High Wycombe test centre,,,pending
hinckley,Hinckley,Hinckley driving test centre UK,DVSA Hinckley driving test centre,Hinckley test centre,,,pending
hither_green_london,Hither Green London,Hither Green London driving test centre UK,DVSA Hither Green London driving test centre,Hither Green London test centre,,,pending
hornchurch_london,Hornchurch London,Hornchurch London driving test centre UK,DVSA Hornchurch London driving test centre,Hornchurch London test centre,,,pending
horsforth,Horsforth,Horsforth driving test centre UK,DVSA Horsforth driving test centre,Horsforth test centre,,,pending
huddersfield,Huddersfield,Huddersfield driving test centre UK,DVSA Huddersfield driving test centre,Huddersfield test centre,,,pending
hull,Hull,Hull driving test centre UK,DVSA Hull driving test centre,Hull test centre,,,pending
huntly,Huntly,Huntly driving test centre UK,DVSA Huntly driving test centre,Huntly test centre,,,pending
hyde_manchester,Hyde Manchester,Hyde Manchester driving test centre UK,DVSA Hyde Manchester driving test centre,Hyde Manchester test centre,,,pending
inveraray,Inveraray,Inveraray driving test centre UK,DVSA Inveraray driving test centre,Inveraray test centre,,,pending
ipswich,Ipswich,Ipswich driving test centre UK,DVSA Ipswich driving test centre,Ipswich test centre,,,pending
islay_island,Islay Island,Islay Island driving test centre UK,DVSA Islay Island driving test centre,Islay Island test centre,,,pending
isle_of_mull,Isle of Mull,Isle of Mull driving test centre UK,DVSA Isle of Mull driving test centre,Isle of Mull test centre,,,pending
isle_of_skye_broadford,Isle of Skye Broadford,Isle of Skye Broadford driving test centre UK,DVSA Isle of Skye Broadford driving test centre,Isle of Skye Broadford test centre,,,pending
isle_of_tiree,Isle of Tiree,Isle of Tiree driving test centre UK,DVSA Isle of Tiree driving test centre,Isle of Tiree test centre,,,pending
isles_of_scilly,Isles of Scilly,Isles of Scilly driving test centre UK,DVSA Isles of Scilly driving test centre,Isles of Scilly test centre,,,pending
isleworth_fleming_way,Isleworth Fleming Way,Isleworth Fleming Way driving test centre UK,DVSA Isleworth Fleming Way driving test centre,Isleworth Fleming Way test centre,,,pending
kendal_oxenholme_road,Kendal Oxenholme Road,Kendal Oxenholme Road driving test centre UK,DVSA Kendal Oxenholme Road driving test centre,Kendal Oxenholme Road test centre,,,pending
kettering,Kettering,Kettering driving test centre UK,DVSA Kettering driving test centre,Kettering test centre,,,pending
kings_lynn,Kings Lynn,Kings Lynn driving test centre UK,DVSA Kings Lynn driving test centre,Kings Lynn test centre,,,pending
kingussie,Kingussie,Kingussie driving test centre UK,DVSA Kingussie driving test centre,Kingussie test centre,,,pending
kirkcaldy,Kirkcaldy,Kirkcaldy driving test centre UK,DVSA Kirkcaldy driving test centre,Kirkcaldy test centre,,,pending
kyle_of_lochalsh,Kyle of Lochalsh,Kyle of Lochalsh driving test centre UK,DVSA Kyle of Lochalsh driving test centre,Kyle of Lochalsh test centre,,,pending
lairg,Lairg,Lairg driving test centre UK,DVSA Lairg driving test centre,Lairg test centre,,,pending
lanark,Lanark,Lanark driving test centre UK,DVSA Lanark driving test centre,Lanark test centre,,,pending
launceston,Launceston,Launceston driving test centre UK,DVSA Launceston driving test centre,Launceston test centre,,,pending
leeds,Leeds,Leeds driving test centre UK,DVSA Leeds driving test centre,Leeds test centre,,,pending
leicester_cannock_street,Leicester Cannock Street,Leicester Cannock Street driving test centre UK,DVSA Leicester Cannock Street driving test centre,Leicester Cannock Street test centre,,,pending
leicester_wigston,Leicester Wigston,Leicester Wigston driving test centre UK,DVSA Leicester Wigston driving test centre,Leicester Wigston test centre,,,pending
leighton_buzzard_stanbridge_road,Leighton Buzzard Stanbridge Road,Leighton Buzzard Stanbridge Road driving test centre UK,DVSA Leighton Buzzard Stanbridge Road driving test centre,Leighton Buzzard Stanbridge Road test centre,,,pending
letchworth,Letchworth,Letchworth driving test centre UK,DVSA Letchworth driving test centre,Letchworth test centre,,,pending
lichfield,Lichfield,Lichfield driving test centre UK,DVSA Lichfield driving test centre,Lichfield test centre,,,pending
lincoln,Lincoln,Lincoln driving test centre UK,DVSA Lincoln driving test centre,Lincoln test centre,,,pending
llanelli,Llanelli,Llanelli driving test centre UK,DVSA Llanelli driving test centre,Llanelli test centre,,,pending
lochgilphead,Lochgilphead,Lochgilphead driving test centre UK,DVSA Lochgilphead driving test centre,Lochgilphead test centre,,,pending
loughborough,Loughborough,Loughborough driving test centre UK,DVSA Loughborough driving test centre,Loughborough test centre,,,pending
loughton_london,Loughton London,Loughton London driving test centre UK,DVSA Loughton London driving test centre,Loughton London test centre,,,pending
louth,Louth,Louth driving test centre UK,DVSA Louth driving test centre,Louth test centre,,,pending
lowestoft_mobbs_way,Lowestoft Mobbs Way,Lowestoft Mobbs Way driving test centre UK,DVSA Lowestoft Mobbs Way driving test centre,Lowestoft Mobbs Way test centre,,,pending
ludlow,Ludlow,Ludlow driving test centre UK,DVSA Ludlow driving test centre,Ludlow test centre,,,pending
luton,Luton,Luton driving test centre UK,DVSA Luton driving test centre,Luton test centre,,,pending
macclesfield,Macclesfield,Macclesfield driving test centre UK,DVSA Macclesfield driving test centre,Macclesfield test centre,,,pending
maidstone,Maidstone,Maidstone driving test centre UK,DVSA Maidstone driving test centre,Maidstone test centre,,,pending
mallaig,Mallaig,Mallaig driving test centre UK,DVSA Mallaig driving test centre,Mallaig test centre,,,pending
malton,Malton,Malton driving test centre UK,DVSA Malton driving test centre,Malton test centre,,,pending
melton_mowbray,Melton Mowbray,Melton Mowbray driving test centre UK,DVSA Melton Mowbray driving test centre,Melton Mowbray test centre,,,pending
merthyr_tydfil,Merthyr Tydfil,Merthyr Tydfil driving test centre UK,DVSA Merthyr Tydfil driving test centre,Merthyr Tydfil test centre,,,pending
middlesbrough,Middlesbrough,Middlesbrough driving test centre UK,DVSA Middlesbrough driving test centre,Middlesbrough test centre,,,pending
mill_hill_london,Mill Hill London,Mill Hill London driving test centre UK,DVSA Mill Hill London driving test centre,Mill Hill London test centre,,,pending
mitcham_london,Mitcham London,Mitcham London driving test centre UK,DVSA Mitcham London driving test centre,Mitcham London test centre,,,pending
monmouth,Monmouth,Monmouth driving test centre UK,DVSA Monmouth driving test centre,Monmouth test centre,,,pending
montrose,Montrose,Montrose driving test centre UK,DVSA Montrose driving test centre,Montrose test centre,,,pending
morden_london,Morden London,Morden London driving test centre UK,DVSA Morden London driving test centre,Morden London test centre,,,pending
nelson,Nelson,Nelson driving test centre UK,DVSA Nelson driving test centre,Nelson test centre,,,pending
newbury_hambridge_lane,Newbury Hambridge Lane,Newbury Hambridge Lane driving test centre UK,DVSA Newbury Hambridge Lane driving test centre,Newbury Hambridge Lane test centre,,,pending
newport_gwent,Newport Gwent,Newport Gwent driving test centre UK,DVSA Newport Gwent driving test centre,Newport Gwent test centre,,,pending
newton_abbot,Newton Abbot,Newton Abbot driving test centre UK,DVSA Newton Abbot driving test centre,Newton Abbot test centre,,,pending
newton_stewart,Newton Stewart,Newton Stewart driving test centre UK,DVSA Newton Stewart driving test centre,Newton Stewart test centre,,,pending
newtown,Newtown,Newtown driving test centre UK,DVSA Newtown driving test centre,Newtown test centre,,,pending
norris_green_liverpool,Norris Green Liverpool,Norris Green Liverpool driving test centre UK,DVSA Norris Green Liverpool driving test centre,Norris Green Liverpool test centre,,,pending
northallerton,Northallerton,Northallerton driving test centre UK,DVSA Northallerton driving test centre,Northallerton test centre,,,pending
northampton,Northampton,Northampton driving test centre UK,DVSA Northampton driving test centre,Northampton test centre,,,pending
northwich,Northwich,Northwich driving test centre UK,DVSA Northwich driving test centre,Northwich test centre,,,pending
norwich_jupiter_road,Norwich Jupiter Road,Norwich Jupiter Road driving test centre UK,DVSA Norwich Jupiter Road driving test centre,Norwich Jupiter Road test centre,,,pending
norwich_peachman_way,Norwich Peachman Way,Norwich Peachman Way driving test centre UK,DVSA Norwich Peachman Way driving test centre,Norwich Peachman Way test centre,,,pending
nottingham_colwick,Nottingham Colwick,Nottingham Colwick driving test centre UK,DVSA Nottingham Colwick driving test centre,Nottingham Colwick test centre,,,pending
nuneaton,Nuneaton,Nuneaton driving test centre UK,DVSA Nuneaton driving test centre,Nuneaton test centre,,,pending
oban,Oban,Oban driving test centre UK,DVSA Oban driving test centre,Oban test centre,,,pending
oswestry,Oswestry,Oswestry driving test centre UK,DVSA Oswestry driving test centre,Oswestry test centre,,,pending
oxford_cowley,Oxford Cowley,Oxford Cowley driving test centre UK,DVSA Oxford Cowley driving test centre,Oxford Cowley test centre,,,pending
paisley,Paisley,Paisley driving test centre UK,DVSA Paisley driving test centre,Paisley test centre,,,pending
peebles,Peebles,Peebles driving test centre UK,DVSA Peebles driving test centre,Peebles test centre,,,pending
pembroke_dock,Pembroke Dock,Pembroke Dock driving test centre UK,DVSA Pembroke Dock driving test centre,Pembroke Dock test centre,,,pending
perth_arran_road,Perth Arran Road,Perth Arran Road driving test centre UK,DVSA Perth Arran Road driving test centre,Perth Arran Road test centre,,,pending
peterborough,Peterborough,Peterborough driving test centre UK,DVSA Peterborough driving test centre,Peterborough test centre,,,pending
peterhead,Peterhead,Peterhead driving test centre UK,DVSA Peterhead driving test centre,Peterhead test centre,,,pending
pinner_london,Pinner London,Pinner London driving test centre UK,DVSA Pinner London driving test centre,Pinner London test centre,,,pending
pitlochry,Pitlochry,Pitlochry driving test centre UK,DVSA Pitlochry driving test centre,Pitlochry test centre,,,pending
plymouth,Plymouth,Plymouth driving test centre UK,DVSA Plymouth driving test centre,Plymouth test centre,,,pending
pontefract,Pontefract,Pontefract driving test centre UK,DVSA Pontefract driving test centre,Pontefract test centre,,,pending
poole,Poole,Poole driving test centre UK,DVSA Poole driving test centre,Poole test centre,,,pending
portsmouth,Portsmouth,Portsmouth driving test centre UK,DVSA Portsmouth driving test centre,Portsmouth test centre,,,pending
preston,Preston,Preston driving test centre UK,DVSA Preston driving test centre,Preston test centre,,,pending
pwllheli,Pwllheli,Pwllheli driving test centre UK,DVSA Pwllheli driving test centre,Pwllheli test centre,,,pending
reading,Reading,Reading driving test centre UK,DVSA Reading driving test centre,Reading test centre,,,pending
redditch,Redditch,Redditch driving test centre UK,DVSA Redditch driving test centre,Redditch test centre,,,pending
rhyl,Rhyl,Rhyl driving test centre UK,DVSA Rhyl driving test centre,Rhyl test centre,,,pending
rochdale_manchester,Rochdale Manchester,Rochdale Manchester driving test centre UK,DVSA Rochdale Manchester driving test centre,Rochdale Manchester test centre,,,pending
rotherham,Rotherham,Rotherham driving test centre UK,DVSA Rotherham driving test centre,Rotherham test centre,,,pending
rothesay,Rothesay,Rothesay driving test centre UK,DVSA Rothesay driving test centre,Rothesay test centre,,,pending
rugby,Rugby,Rugby driving test centre UK,DVSA Rugby driving test centre,Rugby test centre,,,pending
sale_manchester,Sale Manchester,Sale Manchester driving test centre UK,DVSA Sale Manchester driving test centre,Sale Manchester test centre,,,pending
salisbury,Salisbury,Salisbury driving test centre UK,DVSA Salisbury driving test centre,Salisbury test centre,,,pending
scarborough,Scarborough,Scarborough driving test centre UK,DVSA Scarborough driving test centre,Scarborough test centre,,,pending
scunthorpe,Scunthorpe,Scunthorpe driving test centre UK,DVSA Scunthorpe driving test centre,Scunthorpe test centre,,,pending
sevenoaks,Sevenoaks,Sevenoaks driving test centre UK,DVSA Sevenoaks driving test centre,Sevenoaks test centre,,,pending
sheffield_handsworth,Sheffield Handsworth,Sheffield Handsworth driving test centre UK,DVSA Sheffield Handsworth driving test centre,Sheffield Handsworth test centre,,,pending
sheffield_middlewood_road,Sheffield Middlewood Road,Sheffield Middlewood Road driving test centre UK,DVSA Sheffield Middlewood Road driving test centre,Sheffield Middlewood Road test centre,,,pending
shrewsbury,Shrewsbury,Shrewsbury driving test centre UK,DVSA Shrewsbury driving test centre,Shrewsbury test centre,,,pending
sidcup_london,Sidcup London,Sidcup London driving test centre UK,DVSA Sidcup London driving test centre,Sidcup London test centre,,,pending
skegness,Skegness,Skegness driving test centre UK,DVSA Skegness driving test centre,Skegness test centre,,,pending
skipton,Skipton,Skipton driving test centre UK,DVSA Skipton driving test centre,Skipton test centre,,,pending
slough_london,Slough London,Slough London driving test centre UK,DVSA Slough London driving test centre,Slough London test centre,,,pending
south_shields,South Shields,South Shields driving test centre UK,DVSA South Shields driving test centre,South Shields test centre,,,pending
southall_london,Southall London,Southall London driving test centre UK,DVSA Southall London driving test centre,Southall London test centre,,,pending
southampton_forest_hills,Southampton Forest Hills,Southampton Forest Hills driving test centre UK,DVSA Southampton Forest Hills driving test centre,Southampton Forest Hills test centre,,,pending
southampton_maybush,Southampton Maybush,Southampton Maybush driving test centre UK,DVSA Southampton Maybush driving test centre,Southampton Maybush test centre,,,pending
southend_on_sea,Southend-On-Sea,Southend-On-Sea driving test centre UK,DVSA Southend-On-Sea driving test centre,Southend-On-Sea test centre,,,pending
southport_liverpool,Southport Liverpool,Southport Liverpool driving test centre UK,DVSA Southport Liverpool driving test centre,Southport Liverpool test centre,,,pending
speke_liverpool,Speke Liverpool,Speke Liverpool driving test centre UK,DVSA Speke Liverpool driving test centre,Speke Liverpool test centre,,,pending
st_albans,St Albans,St Albans driving test centre UK,DVSA St Albans driving test centre,St Albans test centre,,,pending
st_helens_liverpool,St Helens Liverpool,St Helens Liverpool driving test centre UK,DVSA St Helens Liverpool driving test centre,St Helens Liverpool test centre,,,pending
stafford,Stafford,Stafford driving test centre UK,DVSA Stafford driving test centre,Stafford test centre,,,pending
steeton,Steeton,Steeton driving test centre UK,DVSA Steeton driving test centre,Steeton test centre,,,pending
stevenage,Stevenage,Stevenage driving test centre UK,DVSA Stevenage driving test centre,Stevenage test centre,,,pending
stirling,Stirling,Stirling driving test centre UK,DVSA Stirling driving test centre,Stirling test centre,,,pending
stoke_on_trent_cobridge,Stoke-On-Trent Cobridge,Stoke-On-Trent Cobridge driving test centre UK,DVSA Stoke-On-Trent Cobridge driving test centre,Stoke-On-Trent Cobridge test centre,,,pending
stoke_on_trent_newcastle_under_lyme,Stoke-on-Trent Newcastle-Under-Lyme,Stoke-on-Trent Newcastle-Under-Lyme driving test centre UK,DVSA Stoke-on-Trent Newcastle-Under-Lyme driving test centre,Stoke-on-Trent Newcastle-Under-Lyme test centre,,,pending
stranraer,Stranraer,Stranraer driving test centre UK,DVSA Stranraer driving test centre,Stranraer test centre,,,pending
sunderland,Sunderland,Sunderland driving test centre UK,DVSA Sunderland driving test centre,Sunderland test centre,,,pending
swansea,Swansea,Swansea driving test centre UK,DVSA Swansea driving test centre,Swansea test centre,,,pending
swindon,Swindon,Swindon driving test centre UK,DVSA Swindon driving test centre,Swindon test centre,,,pending
taunton,Taunton,Taunton driving test centre UK,DVSA Taunton driving test centre,Taunton test centre,,,pending
telford,Telford,Telford driving test centre UK,DVSA Telford driving test centre,Telford test centre,,,pending
thurso,Thurso,Thurso driving test centre UK,DVSA Thurso driving test centre,Thurso test centre,,,pending
tilbury,Tilbury,Tilbury driving test centre UK,DVSA Tilbury driving test centre,Tilbury test centre,,,pending
tolworth_london,Tolworth London,Tolworth London driving test centre UK,DVSA Tolworth London driving test centre,Tolworth London test centre,,,pending
trowbridge,Trowbridge,Trowbridge driving test centre UK,DVSA Trowbridge driving test centre,Trowbridge test centre,,,pending
tunbridge_wells,Tunbridge Wells,Tunbridge Wells driving test centre UK,DVSA Tunbridge Wells driving test centre,Tunbridge Wells test centre,,,pending
ullapool,Ullapool,Ullapool driving test centre UK,DVSA Ullapool driving test centre,Ullapool test centre,,,pending
upton,Upton,Upton driving test centre UK,DVSA Upton driving test centre,Upton test centre,,,pending
uxbridge_london,Uxbridge London,Uxbridge London driving test centre UK,DVSA Uxbridge London driving test centre,Uxbridge London test centre,,,pending
wakefield,Wakefield,Wakefield driving test centre UK,DVSA Wakefield driving test centre,Wakefield test centre,,,pending
wallasey,Wallasey,Wallasey driving test centre UK,DVSA Wallasey driving test centre,Wallasey test centre,,,pending
wanstead_london,Wanstead London,Wanstead London driving test centre UK,DVSA Wanstead London driving test centre,Wanstead London test centre,,,pending
warwick_wedgenock_house,Warwick Wedgenock House,Warwick Wedgenock House driving test centre UK,DVSA Warwick Wedgenock House driving test centre,Warwick Wedgenock House test centre,,,pending
watford,Watford,Watford driving test centre UK,DVSA Watford driving test centre,Watford test centre,,,pending
wednesbury,Wednesbury,Wednesbury driving test centre UK,DVSA Wednesbury driving test centre,Wednesbury test centre,,,pending
wellingborough,Wellingborough,Wellingborough driving test centre UK,DVSA Wellingborough driving test centre,Wellingborough test centre,,,pending
west_didsbury_manchester,West Didsbury Manchester,West Didsbury Manchester driving test centre UK,DVSA West Didsbury Manchester driving test centre,West Didsbury Manchester test centre,,,pending
west_wickham_london,West Wickham London,West Wickham London driving test centre UK,DVSA West Wickham London driving test centre,West Wickham London test centre,,,pending
weston_super_mare,Weston-super-Mare,Weston-super-Mare driving test centre UK,DVSA Weston-super-Mare driving test centre,Weston-super-Mare test centre,,,pending
whitby,Whitby,Whitby driving test centre UK,DVSA Whitby driving test centre,Whitby test centre,,,pending
wick,Wick,Wick driving test centre UK,DVSA Wick driving test centre,Wick test centre,,,pending
widnes,Widnes,Widnes driving test centre UK,DVSA Widnes driving test centre,Widnes test centre,,,pending
winchester,Winchester,Winchester driving test centre UK,DVSA Winchester driving test centre,Winchester test centre,,,pending
wolverhampton,Wolverhampton,Wolverhampton driving test centre UK,DVSA Wolverhampton driving test centre,Wolverhampton test centre,,,pending
wood_green_london,Wood Green London,Wood Green London driving test centre UK,DVSA Wood Green London driving test centre,Wood Green London test centre,,,pending
worcester,Worcester,Worcester driving test centre UK,DVSA Worcester driving test centre,Worcester test centre,,,pending
workington,Workington,Workington driving test centre UK,DVSA Workington driving test centre,Workington test centre,,,pending
worksop,Worksop,Worksop driving test centre UK,DVSA Worksop driving test centre,Worksop test centre,,,pending
yeovil,Yeovil,Yeovil driving test centre UK,DVSA Yeovil driving test centre,Yeovil test centre,,,pending
york,York,York driving test centre UK,DVSA York driving test centre,York test centre,,,pending
